title,Separate tide,The tight noon,Concealment,Target,Age,Gender
S0_2,0,1,1,0,14,1
S0_3,0,1,1,0,14,1
S0_4,0,1,1,0,14,1
S0_5,0,1,1,0,14,1
S0_6,0,1,1,0,14,1
S0_7,0,1,1,0,14,1
S0_8,0,1,1,0,14,1
S0_9,0,1,1,0,14,1
S0_10,0,1,1,0,14,1
S1_2,0,1,1,0,49,0
S1_3,0,1,1,0,49,0
S1_4,0,1,1,0,49,0
S1_5,0,1,1,0,49,0
S1_6,0,1,1,0,49,0
S1_7,0,1,1,0,49,0
S1_8,0,1,1,0,49,0
S1_9,0,1,1,0,49,0
S1_10,0,1,1,0,49,0
S2_2,0,1,1,0,59,0
S2_3,0,1,1,0,59,0
S2_4,0,1,1,0,59,0
S2_5,0,1,1,0,59,0
S2_6,0,1,1,0,59,0
S2_7,0,1,1,0,59,0
S2_8,0,1,1,0,59,0
S2_9,0,1,1,0,59,0
S2_10,0,1,1,0,59,0
S3_2,1,1,1,1,63,0
S3_3,1,1,1,1,63,0
S3_4,1,1,1,1,63,0
S3_5,1,1,1,1,63,0
S3_6,1,1,1,1,63,0
S3_7,1,1,1,1,63,0
S3_8,1,1,1,1,63,0
S3_9,1,1,1,1,63,0
S3_10,1,1,1,1,63,0
S4_2,1,1,1,1,48,0
S4_3,1,1,1,1,48,0
S4_4,1,1,1,1,48,0
S4_5,1,1,1,1,48,0
S4_6,1,1,1,1,48,0
S4_7,1,1,1,1,48,0
S4_8,1,1,1,1,48,0
S4_9,1,1,1,1,48,0
S4_10,1,1,1,1,48,0
S5_2,1,1,1,1,20,1
S5_3,0,1,1,0,20,1
S5_4,0,1,1,0,20,1
S5_5,0,1,1,0,20,1
S5_6,0,1,1,0,20,1
S6_2,1,1,1,1,14,1
S6_3,1,1,1,1,14,1
S6_4,1,1,1,1,14,1
S6_5,1,1,1,1,14,1
S6_6,1,1,1,1,14,1
S6_7,1,1,1,1,14,1
S6_8,1,1,1,1,14,1
S6_9,1,1,1,1,14,1
S7_2,0,0,0,0,50,1
S7_3,0,0,0,0,50,1
S7_4,0,0,0,0,50,1
S7_5,0,0,0,0,50,1
S7_6,0,0,0,0,50,1
S7_7,0,0,0,0,50,1
S7_8,0,0,0,0,50,1
S7_9,0,0,0,0,50,1
S7_10,0,0,0,0,50,1
S8_2,1,1,1,1,16,1
S8_3,1,1,1,1,16,1
S8_4,1,1,1,1,16,1
S8_5,1,1,1,1,16,1
S8_6,1,1,1,1,16,1
S8_7,1,1,1,1,16,1
S8_8,1,1,1,1,16,1
S8_9,1,1,1,1,16,1
S8_10,1,1,1,1,16,1
S9_2,1,1,1,1,25,1
S10_2,1,0,0,0,40,1
S10_3,1,0,0,0,40,1
S10_4,1,0,0,0,40,1
S10_5,0,1,0,0,40,1
S10_6,0,1,0,0,40,1
S10_7,1,1,0,0,40,1
S10_8,0,1,0,0,40,1
S10_9,1,1,0,0,40,1
S10_10,1,0,0,0,40,1
S11_2,0,0,0,0,18,0
S11_3,0,0,0,0,18,0
S11_4,0,0,0,0,18,0
S11_5,0,0,0,0,18,0
S11_6,0,0,0,0,18,0
S11_7,0,0,0,0,18,0
S11_6,0,0,0,0,18,0
S11_9,0,0,0,0,18,0
S11_10,0,0,0,0,18,0
S12_2,1,1,1,1,35,0
S12_3,1,1,1,1,35,0
S12_4,1,1,1,1,35,0
S12_5,1,1,1,1,35,0
S12_6,1,1,1,1,35,0
S12_7,1,1,1,1,35,0
S12_8,1,1,1,1,35,0
S12_9,1,1,1,1,35,0
S12_10,1,1,1,1,35,0
S15_2,0,1,0,0,55,0
S15_3,0,1,0,0,55,0
S15_4,0,1,0,0,55,0
S15_5,0,1,0,0,55,0
S15_6,0,1,0,0,55,0
S15_7,0,1,0,0,55,0
S15_8,0,1,0,0,55,0
S15_9,0,1,0,0,55,0
S15_10,0,1,0,0,55,0
S16_2,1,1,1,1,25,0
S16_3,1,1,1,1,25,0
S16_4,1,1,1,1,25,0
S16_5,1,1,1,1,25,0
S16_6,1,1,1,1,25,0
S17_2,1,1,1,1,50,0
S17_3,1,1,1,1,50,0
S17_4,1,1,1,1,50,0
S17_5,1,1,1,1,50,0
S17_6,1,1,1,1,50,0
S17_7,1,1,1,1,50,0
S17_8,1,1,1,1,50,0
S17_9,1,1,1,1,50,0
S18_2,1,1,0,0,40,0
S18_3,1,1,0,0,40,0
S18_4,1,1,0,0,40,0
S19_5,1,1,0,0,40,0
S19_6,1,1,0,0,40,0
S18_7,1,1,0,0,40,0
S18_8,1,1,0,0,40,0
S18_9,1,1,0,0,40,0
S19_2,1,1,1,1,48,0
S19_3,1,1,1,1,48,0
S19_4,1,1,1,1,48,0
S19_5,1,1,1,1,48,0
S19_6,1,1,1,1,48,0
S19_7,1,1,1,1,48,0
S19_8,1,1,1,1,48,0
S19_9,1,1,1,1,48,0
S19_10,1,1,1,1,48,0
S20_2,1,1,1,1,42,0
S20_3,1,1,1,1,42,0
S20_4,1,1,1,1,42,0
S20_5,1,1,1,1,42,0
S20_6,1,1,1,1,42,0
S20_7,1,1,1,1,42,0
S20_8,1,1,1,1,42,0
S20_9,1,1,1,1,42,0
S20_10,1,1,1,1,42,0
S21_2,0,1,0,0,56,0
S21_3,0,1,1,0,56,0
S21_4,0,1,1,0,56,0
S21_5,0,1,1,0,56,0
S21_6,0,1,1,0,56,0
S21_7,0,1,1,0,56,0
S21_8,0,1,1,0,56,0
S21_9,0,1,1,0,56,0
S21_10,0,1,1,0,56,0
S22_2,1,1,1,1,56,0
S22_3,1,1,1,1,46,0
S22_4,1,1,1,1,46,0
S22_5,1,1,1,1,46,0
S22_6,1,,1,1,46,0
S22_7,1,1,1,1,46,0
S22_8,1,1,1,1,46,0
S22_9,1,1,1,1,46,0
S22_10,1,1,1,1,46,0
S23_2,1,1,0,0,51,0
S23_3,1,1,0,0,51,0
S23_4,1,1,0,0,51,0
S23_5,1,1,0,0,51,0
S23_6,1,1,0,0,51,0
S23_7,1,1,0,0,51,0
S23_8,1,1,0,0,51,0
S23_9,1,1,0,0,51,0
S23_10,1,1,0,0,51,0
S24_2,1,1,0,0,57,0
S24_3,1,1,0,0,57,0
S24_4,1,1,0,0,57,0
S24_5,1,1,0,0,57,0
S24_6,1,1,0,0,57,0
S24_7,1,1,0,0,57,0
S24_8,1,1,0,0,57,0
S24_9,1,1,0,0,57,0
S24_10,1,1,0,0,57,0
S25_2,1,1,0,0,60,0
S25_3,1,1,0,0,60,0
S25_4,1,1,0,0,60,0
S25_5,1,1,0,0,60,0
S25_6,1,1,0,0,60,0
S25_7,1,1,0,0,60,0
S25_8,1,1,0,0,60,0
S25_9,0,1,0,0,60,0
S25_10,0,1,0,0,60,0
S26_2,1,1,1,1,65,0
S26_3,1,1,1,1,65,0
S26_4,1,1,1,1,65,0
S26_5,1,1,1,1,65,0
S26_6,1,1,1,1,65,0
S26_7,1,1,1,1,65,0
S26_8,1,1,1,1,65,0
S26_9,1,1,1,1,65,0
S26_10,1,1,1,1,65,0
S27_2,0,1,0,0,68,0
S27_3,0,1,0,0,68,0
S27_4,0,1,0,0,68,0
S27_5,0,1,0,0,68,0
S27_6,0,0,0,0,68,0
S27_7,0,0,0,0,68,0
S27_8,0,1,0,0,68,0
S27_9,0,1,0,0,68,0
S27_10,0,1,0,0,68,0
S28_2,1,1,1,1,52,0
S28_3,1,1,1,1,52,0
S28_4,1,1,1,1,52,0
S28_5,1,1,1,1,52,0
S28_6,1,1,1,1,52,0
S28_7,1,1,1,1,52,0
S28_8,1,1,1,1,52,0
S28_9,1,1,1,1,52,0
S28_10,1,1,1,1,52,0
S29_2,1,1,1,1,50,0
S29_3,0,1,1,0,50,0
S29_4,1,1,1,1,50,0
S29_5,1,1,1,1,50,0
S29_6,1,1,1,1,50,0
S29_7,0,1,1,0,50,0
S29_8,0,1,1,0,50,0
S29_9,0,1,1,0,50,0
S29_10,1,1,1,1,50,0
S30_2,1,1,0,0,50,0
S30_3,1,1,0,0,50,0
S30_4,0,1,0,0,50,0
S30_5,0,1,0,0,50,0
S30_6,0,1,0,0,50,0
S30_7,0,1,0,0,50,0
S30_8,0,1,0,0,50,0
S30_9,0,1,0,0,50,0
S31_2,0,1,0,0,50,0
S31_3,0,1,0,0,50,0
S31_4,0,1,0,0,50,0
S31_5,1,1,0,1,50,0
S31_6,0,1,0,0,50,0
S31_7,1,1,0,1,50,0
S31_8,0,1,0,0,50,0
S31_9,0,1,0,0,50,0
S32_2,0,0,0,0,55,0
S32_3,0,0,0,0,55,0
S32_4,0,0,0,0,55,0
S32_5,0,0,0,0,55,0
S32_6,0,0,0,0,55,0
S32_7,0,0,0,0,55,0
S32_8,0,0,0,0,55,0
S32_9,0,0,0,0,55,0
S32_10,0,0,0,0,55,0
S33_2,0,0,0,0,21,0
S33_3,0,0,0,0,21,0
S33_4,0,0,0,0,21,0
S33_5,0,0,0,0,21,0
S33_6,0,0,0,0,21,0
S33_7,0,0,0,0,21,0
S33_8,0,0,0,0,21,0
S33_9,0,0,0,0,21,0
S33_10,0,0,0,0,21,0
S34_2,1,1,1,1,57,0
S34_3,1,1,1,1,57,0
S34_4,1,1,1,1,57,0
S34_5,1,1,1,1,57,0
S34_6,1,1,1,1,57,0
S34_7,1,1,1,1,57,0
S34_8,1,1,1,1,57,0
S34_9,1,1,1,1,57,0
S34_10,1,1,1,1,57,0
S35_2,1,1,1,1,57,0
S35_3,1,1,1,1,57,0
S35_4,1,1,1,1,57,0
S35_5,1,1,1,1,57,0
S35_6,1,1,1,1,57,0
S35_7,1,1,1,1,57,0
S35_8,1,1,1,1,57,0
S35_9,1,1,1,1,57,0
S35_10,1,1,1,1,57,0
S36_2,1,1,1,1,28,0
S36_3,1,1,1,1,28,0
S36_4,1,1,1,1,28,0
S36_5,1,1,1,1,28,0
S36_6,1,1,1,1,28,0
S36_7,1,1,1,1,28,0
S36_8,1,1,1,1,28,0
S36_9,1,1,1,1,28,0
S36_10,1,1,1,1,28,0
S37_2,1,1,1,1,30,0
S37_3,1,1,1,1,30,0
S37_4,1,1,1,1,30,0
S37_5,1,1,1,1,30,0
S37_6,1,1,1,1,30,0
S37_7,1,1,1,1,30,0
S37_8,1,1,1,1,30,0
S37_9,1,1,1,1,30,0
S37_10,1,1,1,1,30,0
S38_2,0,0,0,0,42,0
S38_3,0,0,0,0,42,0
S38_4,0,0,0,0,42,0
S38_5,0,0,0,0,42,0
S38_6,0,0,0,0,42,0
S38_7,0,0,0,0,42,0
S38_8,0,0,0,0,42,0
S38_9,0,0,0,0,42,0
S38_10,0,0,0,0,42,0
S39_2,0,1,0,0,25,0
S39_3,0,1,0,0,25,0
S39_4,0,1,0,0,25,0
S39_5,0,1,0,0,25,0
S39_6,0,1,0,0,25,0
S39_7,0,1,0,0,25,0
S39_8,0,1,0,0,25,0
S39_9,0,1,0,0,25,0
S39_10,0,1,0,0,25,0
S40_2,0,1,1,0,25,0
S40_3,0,1,1,0,25,0
S40_4,0,1,1,0,25,0
S40_5,0,1,1,0,25,0
S40_6,0,1,1,0,25,0
S40_7,0,1,1,0,25,0
S40_8,0,1,1,0,25,0
S40_9,0,1,1,0,25,0
S41_2,1,1,0,0,53,0
S41_3,1,1,0,0,53,0
S41_4,1,1,0,0,53,0
S41_5,1,1,0,0,53,0
S41_6,1,1,0,0,53,0
S41_7,1,1,0,0,53,0
S41_8,1,1,0,0,53,0
S42_2,1,1,0,0,66,0
S42_3,1,1,0,0,66,0
S42_4,1,1,0,0,66,0
S42_5,1,1,0,0,66,0
S42_6,1,1,0,0,66,0
S42_7,1,1,0,0,66,0
S42_8,1,1,0,0,66,0
S42_9,1,1,0,0,66,0
S42_10,1,1,0,0,66,0
S43_2,0,0,0,0,8,0
S43_3,0,0,0,0,8,0
S43_4,0,0,0,0,8,0
S43_5,0,0,0,0,8,0
S43_6,0,0,0,0,8,0
S44_2,0,1,0,0,35,0
S44_3,0,1,0,0,35,0
S44_4,0,1,0,0,35,0
S44_5,0,1,0,0,35,0
S45_2,1,1,0,0,60,0
S45_3,1,1,0,0,60,0
S45_4,1,1,0,0,60,0
S45_5,1,1,0,0,60,0
S45_6,1,1,0,0,60,0
S45_7,1,1,0,0,60,0
S45_8,1,1,0,0,60,0
S45_9,1,1,0,0,60,0
S45_10,1,1,0,0,60,0
S46_2,0,1,0,0,22,0
S46_3,0,1,0,0,22,0
S46_4,0,1,0,0,22,0
S46_5,0,1,0,0,22,0
S46_6,0,1,0,0,22,0
S46_7,0,1,0,0,22,0
S46_8,0,1,0,0,22,0
S46_9,0,1,0,0,22,0
S46_10,0,1,0,0,22,0
S47_2,0,0,0,0,16,0
S47_3,0,0,0,0,16,0
S47_4,0,0,0,0,16,0
S47_5,0,0,0,0,16,0
S47_6,0,0,0,0,16,0
S47_7,0,0,0,0,16,0
S47_8,0,0,0,0,16,0
S47_9,0,0,0,0,16,0
S47_10,0,0,0,0,16,0
S48_2,1,1,0,0,12,0
S48_3,1,1,0,0,12,0
S48_4,1,1,0,0,12,0
S48_5,1,1,0,0,12,0
S48_6,1,1,0,0,12,0
S48_7,1,1,0,0,12,0
S48_8,1,1,0,0,12,0
S48_9,1,1,0,0,12,0
S49_2,0,0,0,0,57,0
S49_3,0,0,0,0,57,0
S49_4,0,0,0,0,57,0
S49_5,0,0,0,0,57,0
S49_6,0,0,0,0,57,0
S49_7,0,0,0,0,57,0
S49_8,0,0,0,0,57,0
S49_9,0,0,0,0,57,0
S50_2,0,0,0,0,35,0
S50_3,0,1,0,0,35,0
S50_4,0,0,0,0,35,0
S50_5,0,0,0,0,35,0
S50_6,0,0,0,0,35,0
S50_7,0,0,0,0,35,0
S50_8,0,0,0,0,35,0
S50_9,0,0,0,0,35,0
S50_10,0,0,0,0,35,0
S51_2,0,0,0,0,14,1
S51_3,0,0,0,0,14,1
S51_4,0,0,0,0,14,1
S51_5,0,0,0,0,14,1
S51_6,0,0,0,0,14,1
S51_7,0,0,0,0,14,1
S51_8,0,0,0,0,14,1
S51_9,0,0,0,0,14,1
S52_2,0,0,0,0,8,0
S52_3,0,0,0,0,8,0
S52_4,0,0,0,0,8,0
S52_5,0,0,0,0,8,0
S52_6,0,0,0,0,8,0
S52_7,0,0,0,0,8,0
S52_8,0,0,0,0,8,0
S53_2,0,1,0,0,25,1
S53_3,0,1,0,0,25,1
S53_4,0,1,0,0,25,1
S53_5,0,1,0,0,25,1
S53_6,0,1,0,0,25,1
S53_7,0,1,0,0,25,1
S53_8,0,1,0,0,25,1
S53_9,0,1,0,0,25,1
S53_10,0,0,0,0,25,1
S54_2,0,0,0,0,46,0
S54_3,0,0,0,0,46,0
S54_4,0,0,0,0,46,0
S54_5,0,0,0,0,46,0
S55_2,1,1,1,1,41,0
S55_3,1,1,1,1,41,0
S55_4,1,1,1,1,41,0
S55_5,1,1,1,1,41,0
S55_6,1,1,1,1,41,0
S55_7,1,1,1,1,41,0
S55_8,1,1,1,1,41,0
S55_9,1,1,1,1,41,0
S55_10,1,1,1,1,41,0
S56_2,1,1,0,0,51,0
S56_3,1,1,0,0,51,0
S56_4,1,1,0,0,51,0
S56_5,1,1,0,0,51,0
S56_6,1,1,0,0,51,0
S56_7,1,1,0,0,51,0
S56_8,1,1,0,0,51,0
S57_2,1,1,1,1,45,0
S57_3,1,1,1,1,45,0
S57_4,1,1,1,1,45,0
S57_5,1,1,1,1,45,0
S57_6,1,1,1,1,45,0
S57_7,1,1,1,1,45,0
S58_2,1,1,1,1,55,0
S58_3,1,1,1,1,55,0
S58_4,1,1,1,1,55,0
S58_5,1,1,1,1,55,0
S58_6,1,1,1,1,55,0
S58_7,1,1,1,1,55,0
S59_2,0,1,0,0,14,0
S59_3,0,1,0,0,14,0
S59_4,0,1,0,0,14,0
S59_5,0,1,0,0,14,0
S60_2,0,1,0,0,12,0
S60_3,0,1,0,0,12,0
S60_4,0,1,0,0,12,0
S60_5,0,1,0,0,12,0
S60_6,0,1,0,0,12,0
S60_7,0,1,0,0,12,0
S60_8,0,1,0,0,12,0
S61_2,1,0,0,0,51,0
S61_3,1,0,0,0,51,0
S61_4,0,0,0,0,51,0
S61_5,0,0,0,0,51,0
S61_6,0,0,0,0,51,0
S61_7,0,0,0,0,51,0
S61_8,0,0,0,0,51,0
S61_9,0,0,0,0,51,0
S61_10,0,0,0,0,51,0
S62_2,0,0,0,0,47,1
S62_3,0,0,0,0,47,1
S62_4,0,0,0,0,47,1
S62_5,0,0,0,0,47,1
S62_6,0,0,0,0,47,1
S62_7,0,0,0,0,47,1
S62_8,0,0,0,0,47,1
S63_2,1,1,1,1,30,0
S63_3,1,1,1,1,30,0
S63_4,1,1,1,1,30,0
S63_5,1,1,1,1,30,0
S63_6,1,1,1,1,30,0
S63_7,1,1,1,1,30,0
S63_8,1,1,1,1,30,0
S63_9,1,1,1,1,30,0
S63_10,1,1,1,1,30,0
S64_2,0,0,0,0,23,0
S64_3,0,0,0,0,23,0
S64_4,0,0,0,0,23,0
S64_5,0,0,0,0,23,0
S64_6,0,0,0,0,23,0
S64_7,0,0,0,0,23,0
S64_8,0,0,0,0,23,0
S64_9,0,0,0,0,23,0
S64_10,0,0,0,0,23,0
S65_2,1,1,1,1,27,0
S65_3,1,1,1,1,27,0
S65_4,1,1,1,1,27,0
S65_5,1,1,1,1,27,0
S65_6,1,1,1,1,27,0
S65_7,1,1,1,1,27,0
S65_8,1,1,1,1,27,0
S65_9,1,1,1,1,27,0
S66_2,1,1,1,1,27,0
S66_3,1,1,1,1,27,0
S66_4,1,1,1,1,27,0
S66_5,1,1,1,1,27,0
S66_6,1,1,1,1,27,0
S66_7,1,1,1,1,27,0
S66_8,1,1,1,1,27,0
S66_9,1,1,1,1,27,0
S67_2,1,1,0,0,11,1
S67_3,1,1,0,0,11,1
S67_4,0,1,0,0,11,1
S67_5,1,1,0,0,11,1
S68_2,1,1,0,0,53,1
S68_3,1,1,0,0,53,1
S68_4,1,1,0,0,53,1
S68_5,1,1,0,0,53,1
S68_6,1,1,0,0,53,1
S68_7,1,1,0,0,53,1
S68_8,1,1,0,0,53,1
S68_9,1,1,0,0,53,1
S69_2,1,1,1,1,43,0
S69_3,1,1,1,1,43,0
S69_4,1,1,1,1,43,0
S69_5,1,1,1,1,43,0
S69_6,1,1,1,1,43,0
S69_7,1,1,1,1,43,0
S69_8,1,1,1,1,43,0
S69_9,1,1,1,1,43,0
S69_10,1,1,1,1,43,0
S70_2,0,0,0,0,22,0
S70_3,0,0,0,0,22,0
S70_4,0,0,0,0,22,0
S70_5,0,0,0,0,22,0
S70_6,0,0,0,0,22,0
S70_7,0,0,0,0,22,0
S70_8,0,0,0,0,22,0
S70_9,0,0,0,0,22,0
S70_10,0,0,0,0,22,0
S71_2,1,1,1,1,40,0
S71_3,1,1,1,1,40,0
S71_4,1,1,1,1,40,0
S71_5,1,1,1,1,40,0
S71_6,1,1,1,1,40,0
S71_7,1,1,1,1,40,0
S71_8,1,1,1,1,40,0
S71_9,1,1,1,1,40,0
S71_10,1,1,1,1,40,0
S72_2,0,1,0,0,10,0
S72_3,0,1,0,0,10,0
S72_4,0,1,0,0,10,0
S72_5,0,1,0,0,10,0
S72_6,0,1,0,0,10,0
S72_7,0,1,0,0,10,0
S72_8,0,1,0,0,10,0
S72_9,0,1,0,0,10,0
S72_10,0,1,0,0,10,0
S73_2,1,1,0,0,11,0
S73_3,0,1,0,0,11,0
S73_4,0,1,0,0,11,0
S73_5,0,1,0,0,11,0
S73_6,0,1,0,0,11,0
S73_7,0,1,0,0,11,0
S73_8,0,1,0,0,11,0
S73_9,0,1,0,0,11,0
S73_10,1,1,0,0,11,0
S74_2,1,1,1,1,28,0
S74_3,1,1,1,1,28,0
S74_4,1,1,1,1,28,0
S74_5,1,1,1,1,28,0
S74_6,1,1,1,1,28,0
S74_7,1,1,1,1,28,0
S74_8,1,1,1,1,28,0
S74_9,1,1,1,1,28,0
S75_2,1,1,0,0,21,0
S75_3,1,1,0,0,21,0
S75_4,1,1,0,0,21,0
S75_5,1,1,0,0,21,0
S75_6,0,1,0,0,21,0
S75_7,0,1,0,0,21,0
S75_8,0,1,0,0,21,0
S75_9,0,1,0,0,21,0
S75_10,0,1,0,0,21,0
S76_2,1,1,0,0,22,0
S76_3,1,1,0,0,22,0
S76_4,1,1,0,0,22,0
S76_5,1,1,0,0,22,0
S76_6,1,1,0,0,22,0
S76_7,1,1,0,0,22,0
S76_8,1,1,0,0,22,0
S76_9,1,1,0,0,22,0
S76_10,1,1,0,0,22,0
S77_2,0,0,0,0,8,1
S77_3,0,0,0,0,8,1
S77_4,0,0,0,0,8,1
S77_5,0,0,0,0,8,1
S78_2,1,1,1,1,53,0
S78_3,1,1,1,1,53,0
S78_4,1,1,1,1,53,0
S78_5,1,1,1,1,53,0
S78_6,1,1,1,1,53,0
S78_7,1,1,1,1,53,0
S78_8,1,1,1,1,53,0
S78_9,1,1,1,1,53,0
S79_2,1,1,1,1,50,0
S79_3,1,1,1,1,50,0
S79_4,1,1,1,1,50,0
S79_5,1,1,1,1,50,0
S79_6,1,1,1,1,50,0
S79_7,1,1,1,1,50,0
S79_8,1,1,1,1,50,0
S79_9,1,1,1,1,50,0
S79_10,1,1,1,1,50,0
S80_2,1,1,1,1,53,0
S80_3,1,1,1,1,53,0
S80_4,1,1,1,1,53,0
S80_5,1,1,1,1,53,0
S80_6,1,1,1,1,53,0
S80_7,1,1,1,1,53,0
S80_8,1,1,1,1,53,0
S80_9,1,1,1,1,53,0
S80_10,1,1,1,1,53,0
S81_2,0,0,0,0,5,0
S81_3,0,0,0,0,5,0
S81_4,0,0,0,0,5,0
S81_5,0,0,0,0,5,0
S82_2,1,1,1,1,45,0
S82_3,1,1,1,1,45,0
S82_4,1,1,1,1,45,0
S82_5,1,1,1,1,45,0
S82_6,1,1,1,1,45,0
S82_7,1,1,1,1,45,0
S82_8,1,1,1,1,45,0
S82_9,1,1,1,1,45,0
S83_2,1,1,1,1,25,1
S83_3,1,1,1,1,25,1
S83_4,1,1,1,1,25,1
S83_5,1,1,1,1,25,1
S83_6,1,1,1,1,25,1
S83_7,1,1,1,1,25,1
S83_8,1,1,1,1,25,1
S83_9,1,1,1,1,25,1
S83_10,1,1,1,1,25,1
S84_2,1,1,1,1,33,0
S84_3,1,1,1,1,33,0
S84_4,1,1,1,1,33,0
S84_5,1,1,1,1,33,0
S84_6,1,1,1,1,33,0
S84_7,1,1,1,1,33,0
S84_8,1,1,1,1,33,0
S84_9,1,1,1,1,33,0
S84_10,1,1,1,1,33,0
S85_2,0,1,0,0,53,1
S85_3,0,1,0,0,53,1
S85_4,0,1,0,0,53,1
S85_5,0,1,0,0,53,1
S85_6,0,1,0,0,53,1
S85_7,0,1,0,0,53,1
S85_8,0,1,0,0,53,1
S85_9,0,1,0,0,53,1
S85_10,0,1,0,0,53,1
S86_2,0,0,0,0,40,0
S86_3,0,0,0,0,40,0
S86_4,0,0,0,0,40,0
S86_5,0,0,0,0,40,0
S86_6,0,0,0,0,40,0
S86_7,0,0,0,0,40,0
S86_8,0,0,0,0,40,0
S86_9,0,0,0,0,40,0
S86_10,0,0,0,0,40,0
S87_2,1,1,0,0,45,0
S87_3,1,1,0,0,45,0
S87_4,1,1,0,0,45,0
S87_5,1,1,0,0,45,0
S87_6,1,1,0,0,45,0
S88_2,0,0,0,0,30,0
S88_3,0,0,0,0,30,0
S88_4,0,0,0,0,30,0
S88_5,0,0,0,0,30,0
S88_6,0,0,0,0,30,0
S88_7,0,0,0,0,30,0
S88_8,0,0,0,0,30,0
S99_9,0,0,0,0,30,0
S88_10,0,0,0,0,30,0
S89_2,1,1,1,1,62,1
S90_3,1,1,1,1,62,1
S90_4,1,1,1,1,62,1
S89_5,1,1,1,1,62,1
S89_6,1,1,1,1,62,1
S89_7,1,1,1,1,62,1
S89_8,1,1,1,1,62,1
S89_9,1,1,1,1,62,1
S89_10,1,1,1,1,62,1
S90_2,1,1,1,1,40,0
S90_3,1,1,1,1,40,0
S90_4,1,1,1,1,40,0
S90_5,1,1,1,1,40,0
S90_6,0,1,1,1,40,0
S90_7,0,1,1,1,40,0
S90_8,1,1,1,1,40,0
S90_9,1,1,1,1,40,0
S90_10,1,1,1,1,40,0
S91_2,0,1,0,0,41,0
S91_3,1,1,0,0,41,0
S91_4,1,1,0,0,41,0
S91_5,1,1,0,0,41,0
S91_6,1,1,0,0,41,0
S91_7,1,1,0,0,41,0
S91_8,1,1,0,0,41,0
S91_9,1,1,0,0,41,0
S92_2,1,1,1,1,51,1
S92_3,1,1,1,1,51,1
S92_4,1,1,1,1,51,1
S92_5,1,1,1,1,51,1
S92_6,1,1,1,1,51,1
S92_7,1,1,1,1,51,1
S92_8,1,1,1,1,51,1
S92_9,1,1,1,1,51,1
S92_10,1,1,1,1,51,1
S93_2,1,1,1,1,20,0
S93_3,1,1,1,1,20,0
S93_4,1,1,1,1,20,0
S93_5,1,1,1,1,20,0
S93_6,1,1,1,1,20,0
S93_7,1,1,1,1,20,0
S93_8,1,1,1,1,20,0
S93_9,1,1,1,1,20,0
S93_10,1,1,1,1,20,0
S94_2,1,1,1,1,23,0
S94_3,1,1,1,1,23,0
S94_4,1,1,1,1,23,0
S94_5,1,1,1,1,23,0
S94_6,1,1,1,1,23,0
S94_7,1,1,1,1,23,0
S94_8,1,1,1,1,23,0
S94_9,1,1,1,1,23,0
S94_10,1,1,1,1,23,0
S95_2,0,1,1,0,27,0
S95_3,0,1,1,0,27,0
S95_4,0,1,1,0,27,0
S95_5,0,1,1,0,27,0
S95_6,0,1,1,0,27,0
S95_7,0,1,1,0,27,0
S95_8,0,1,1,0,27,0
S95_9,0,1,1,0,27,0
S95_10,0,1,1,0,27,0
S96_2,1,1,1,1,40,0
S96_3,1,1,1,1,40,0
S96_4,1,1,1,1,40,0
S96_5,1,1,1,1,40,0
S96_6,0,1,1,0,40,0
S96_7,1,1,1,1,40,0
S96_8,0,1,1,0,40,0
S96_9,0,1,1,0,40,0
S96_10,0,1,1,0,40,0
S97_2,1,1,1,1,62,1
S97_3,1,1,1,1,62,1
S97_4,1,1,1,1,62,1
S97_5,1,1,1,1,62,1
S97_6,1,1,1,1,62,1
S97_7,1,1,1,1,62,1
S97_8,1,1,1,1,62,1
S97_9,1,1,1,1,62,1
S97_10,1,1,1,1,62,1
S98_2,0,0,0,0,13,1
S98_3,0,0,0,0,13,1
S98_4,0,0,0,0,13,1
S98_5,0,0,0,0,13,1
S98_6,0,0,0,0,13,1
S98_7,0,0,0,0,13,1
S98_8,0,0,0,0,13,1
S98_9,0,0,0,0,13,1
S98_10,0,0,0,0,13,1
S99_2,1,1,1,1,52,0
S99_3,1,1,1,1,52,0
S99_4,1,1,1,1,52,0
S99_5,1,1,1,1,52,0
S99_6,1,1,1,1,52,0
S99_7,1,1,1,1,52,0
S99_8,1,1,1,1,52,0
S99_9,1,1,1,1,52,0
S99_10,1,1,1,1,52,0
S100_2,0,1,1,0,43,0
S100_3,0,1,1,0,43,0
S100_4,0,1,1,0,43,0
S100_5,1,1,1,0,43,0
S100_6,1,1,1,1,53,0
S100_7,1,1,1,1,53,0
S100_8,1,1,1,1,53,0
S100_9,1,1,1,1,53,0
S100_10,0,1,1,0,53,0
S101_2,0,0,0,0,22,0
S101_3,0,0,0,0,22,0
S101_4,0,0,0,0,22,0
S101_5,0,0,0,0,22,0
S101_6,0,0,0,0,22,0
S101_7,0,0,0,0,22,0
S101_8,0,0,0,0,22,0
S101_9,0,0,0,0,22,0
S102_2,0,1,0,0,21,0
S102_3,0,1,0,0,21,0
S102_4,0,1,0,0,21,0
S102_5,0,1,0,0,21,0
S102_6,0,1,0,0,21,0
S102_7,0,1,0,0,21,0
S102_8,0,1,0,0,21,0
S102_9,1,1,0,0,21,0
S102_10,0,1,0,0,21,0
S103_2,1,1,1,1,38,0
S103_3,1,1,1,1,38,0
S103_4,1,1,1,1,38,0
S103_5,1,1,1,1,38,0
S103_6,1,1,1,1,38,0
S103_7,1,1,1,1,38,0
S103_8,1,1,1,1,38,0
S103_9,1,1,1,1,38,0
S103_10,1,1,1,1,38,0
S104_2,1,1,1,1,40,0
S104_3,1,1,1,1,40,0
S104_4,1,1,1,1,40,0
S104_5,1,1,1,1,40,0
S104_6,1,1,1,1,40,0
S104_7,1,1,1,1,40,0
S104_8,1,1,1,1,40,0
S104_9,1,1,1,1,40,0
S104_10,1,1,1,1,40,0
S105_2,1,1,1,1,51,0
S105_3,1,1,1,1,51,0
S105_4,1,1,1,1,51,0
S105_5,1,1,1,1,51,0
S105_6,1,1,1,1,51,0
S105_7,1,1,1,1,51,0
S105_8,1,1,1,1,51,0
S105_9,1,1,1,1,51,0
S105_10,0,1,1,0,51,0
S106_2,0,1,0,0,40,0
S106_3,0,1,0,0,40,0
S106_4,0,1,0,0,40,0
S106_5,0,1,0,0,40,0
S106_6,0,1,0,0,40,0
S106_7,0,1,0,0,40,0
S106_8,0,1,0,0,40,0
S106_9,0,1,0,0,40,0
S106_10,0,1,0,0,40,0
S107_2,0,1,1,0,26,0
S107_3,0,1,1,0,26,0
S107_4,0,1,1,0,26,0
S107_5,0,1,1,0,26,0
S107_6,0,1,1,0,26,0
S107_7,0,1,1,0,26,0
S107_8,0,1,1,0,26,0
S107_9,0,1,1,0,26,0
S107_10,0,1,1,0,26,0
S108_2,1,1,1,1,24,0
S108_3,1,1,1,1,24,0
S108_4,1,1,1,1,24,0
S108_5,1,1,1,1,24,0
S108_6,1,1,1,1,24,0
S108_7,1,1,1,1,24,0
S108_8,1,1,1,1,24,0
S108_9,1,1,1,1,24,0
S108_10,1,1,1,1,24,0
S109_2,0,1,1,0,57,1
S109_3,1,1,1,1,57,1
S109_4,0,1,1,0,57,1
S109_5,0,1,1,0,57,1
S109_6,0,1,1,0,57,1
S109_7,0,1,1,0,57,1
S109_8,0,1,1,0,57,1
S109_9,0,1,1,0,57,1
S110_2,1,1,1,1,27,1
S110_3,1,1,1,1,27,1
S110_4,1,1,1,1,27,1
S110_5,1,1,1,1,27,1
S110_6,1,1,1,1,27,1
S110_7,1,1,1,1,27,1
S110_8,1,1,1,1,27,1
S110_9,1,1,1,1,27,1
S110_10,1,1,1,1,27,1
S111_2,0,1,0,0,23,1
S111_3,0,1,1,0,23,1
S111_4,0,1,0,0,23,1
S111_5,0,1,1,0,23,1
S111_6,0,1,1,0,23,1
S111_7,0,1,1,0,23,1
S111_8,0,1,1,0,23,1
S111_9,0,1,1,0,23,1
S112_2,0,1,0,0,25,1
S112_3,0,1,0,0,25,1
S112_4,0,1,0,0,25,1
S112_5,0,1,0,0,25,1
S112_6,0,1,0,0,25,1
S112_7,0,1,0,0,25,1
S112_8,0,1,0,0,25,1
S113_2,0,0,0,0,25,1
S113_3,0,0,0,0,25,1
S113_4,0,0,0,0,25,1
S113_5,0,0,0,0,25,1
S113_6,0,0,0,0,25,1
S113_7,0,0,0,0,25,1
S113_8,0,0,0,0,25,1
S113_9,0,0,0,0,25,1
S114_2,0,1,0,0,30,0
S114_3,0,1,0,0,30,0
S114_4,0,1,0,0,30,0
S114_5,0,1,0,0,30,0
S114_6,0,1,0,0,30,0
S114_7,0,1,0,0,30,0
S114_8,0,1,0,0,30,0
S114_9,0,1,0,0,30,0
S114_10,0,1,0,0,30,0
S115_2,0,1,1,0,31,0
S115_3,0,1,1,0,31,0
S115_4,0,1,1,0,31,0
S115_5,0,1,1,0,31,0
S115_6,0,1,1,0,31,0
S115_7,0,1,1,0,31,0
S115_8,0,1,1,0,31,0
S115_9,0,1,1,0,31,0
S115_10,0,1,1,0,31,0
S116_2,0,0,0,0,17,1
S116_3,0,0,0,0,17,1
S116_4,0,0,0,0,17,1
S116_5,0,0,0,0,17,1
S116_6,0,0,0,0,17,1
S116_7,0,0,0,0,17,1
S116_8,0,0,0,0,17,1
S116_9,0,0,0,0,17,1
S116_10,0,0,0,0,17,1
S117_2,0,1,0,0,24,1
S117_3,0,1,0,0,24,1
S117_4,0,1,0,0,24,1
S117_5,0,1,0,0,24,1
S117_6,0,1,0,0,24,1
S117_7,0,1,0,0,24,1
S117_8,0,1,0,0,24,1
S117_9,0,1,0,0,24,1
S117_10,0,1,0,0,24,1
S118_2,0,1,0,0,14,0
S118_3,0,1,0,0,14,0
S118_4,0,1,0,0,14,0
S118_5,0,1,0,0,14,0
S118_6,0,1,0,0,14,0
S118_7,0,1,0,0,14,0
S118_8,0,1,0,0,14,0
S119_2,0,0,0,0,10,0
S119_3,0,0,0,0,10,0
S119_4,0,0,0,0,10,0
S119_5,0,0,0,0,10,0
S119_6,0,0,0,0,10,0
S119_7,0,0,0,0,10,0
S119_8,0,0,0,0,10,0
S119_9,0,0,0,0,10,0
S119_10,0,0,0,0,10,0
S120_2,1,1,1,1,60,0
S120_3,1,1,1,1,60,0
S120_4,1,1,1,1,60,0
S120_5,1,1,1,1,60,0
S120_6,1,1,1,1,60,0
S120_7,1,1,1,1,60,0
S120_8,1,1,1,1,60,0
S120_9,1,1,1,1,60,0
S120_10,1,1,1,1,60,0
S121_2,0,0,0,0,30,0
S121_3,0,0,0,0,30,0
S121_4,0,0,0,0,30,0
S121_5,0,0,0,0,30,0
S121_6,0,0,0,0,30,0
S121_7,0,0,0,0,30,0
S121_8,0,0,0,0,30,0
S121_9,0,0,0,0,30,0
S121_10,0,0,0,0,30,0
S122_2,0,0,0,0,47,0
S122_3,0,0,0,0,47,0
S122_4,0,0,0,0,47,0
S122_5,0,0,0,0,47,0
S122_6,0,0,0,0,47,0
S122_7,0,0,0,0,47,0
S122_8,0,0,0,0,47,0
S122_9,0,0,0,0,47,0
S122_10,0,0,0,0,47,0
S123_2,1,1,1,1,50,0
S123_3,1,1,1,1,50,0
S123_4,1,1,1,1,50,0
S123_4,1,1,1,1,50,0
S123_5,1,1,1,1,50,0
S123_6,1,1,1,1,50,0
S123_7,1,1,1,1,50,0
S123_8,1,1,1,1,50,0
S123_9,1,1,1,1,50,0
S123_10,0,1,1,1,50,0
S124_2,0,1,0,0,58,0
S124_3,0,1,0,0,58,0
S124_4,0,1,0,0,58,0
S124_5,0,1,0,0,58,0
S124_6,0,1,0,0,58,0
S124_7,0,1,0,0,58,0
S124_8,0,1,0,0,58,0
S124_9,0,1,0,0,58,0
S124_10,0,1,0,0,58,0
S125_2,1,1,1,1,43,0
S125_3,1,1,1,1,43,0
S125_4,1,1,1,1,43,0
S125_5,1,1,1,1,43,0
S125_6,1,1,1,1,43,0
S125_7,1,1,1,1,43,0
S125_8,1,1,1,1,43,0
S125_9,1,1,1,1,43,0
S125_10,1,1,1,1,43,0
S126_2,1,1,1,1,43,0
S126_3,1,1,1,1,43,0
S126_4,1,1,1,1,43,0
S126_5,1,1,1,1,43,0
S126_6,1,1,1,1,43,0
S126_7,1,1,1,1,43,0
S126_8,1,1,1,1,43,0
S126_9,1,1,1,1,43,0
S126_10,1,1,1,1,43,0
S127_2,1,1,1,1,30,0
S127_3,1,1,1,1,30,0
S127_4,1,1,1,1,30,0
S127_5,1,1,1,1,30,0
S127_6,0,1,1,0,30,0
S127_7,0,1,0,0,30,0
S127_8,1,1,0,0,30,0
S127_9,1,1,0,0,30,0
S127_10,1,1,0,0,30,0
S128_2,0,0,0,0,21,0
S128_3,0,0,0,0,21,0
S128_4,0,0,0,0,21,0
S128_5,0,0,0,0,21,0
S128_6,0,0,0,0,21,0
S128_7,0,0,0,0,21,0
S128_8,0,0,0,0,21,0
S128_9,0,0,0,0,21,0
S128_10,0,0,0,0,21,0
S129_2,1,1,1,1,33,0
S129_3,1,1,1,1,33,0
S129_4,1,1,1,1,33,0
S129_5,1,1,1,1,33,0
S129_6,1,1,1,1,33,0
S129_7,1,1,1,1,33,0
S129_8,1,1,1,1,33,0
S129_9,1,1,1,1,33,0
S129_10,1,1,1,1,33,0
S130_2,1,1,0,0,28,0
S130_3,1,1,0,0,28,0
S130_4,1,1,0,0,28,0
S130_5,1,1,0,0,28,0
S130_6,1,1,0,0,28,0
S130_7,1,1,0,0,28,0
S130_8,1,1,0,0,28,0
S130_9,1,1,0,0,28,0
S130_10,1,1,0,0,28,0
S131_2,0,1,0,0,22,0
S131_3,0,1,0,0,22,0
S131_4,0,1,0,0,22,0
S131_5,0,1,0,0,22,0
S131_6,0,1,0,0,22,0
S131_7,0,1,0,0,22,0
S131_8,0,1,0,0,22,0
S131_9,0,1,0,0,22,0
S131_10,0,1,0,0,22,0
S132_2,1,1,1,1,24,0
S132_3,1,1,1,1,24,0
S132_4,1,1,1,1,24,0
S132_5,1,1,1,1,24,0
S132_6,1,1,1,1,24,0
S132_7,1,1,1,1,24,0
S132_8,1,1,1,1,24,0
S132_9,1,1,1,1,24,0
S132_10,1,1,1,1,24,0
S133_2,1,1,1,1,49,0
S133_3,1,1,1,1,49,0
S133_4,1,1,1,1,49,0
S133_5,1,1,1,1,49,0
S133_6,1,1,1,1,49,0
S133_7,1,1,1,1,49,0
S133_8,1,1,1,1,49,0
S133_9,1,1,1,1,49,0
S133_10,1,1,1,1,49,0
S134_2,0,1,1,0,48,1
S134_3,1,1,1,1,48,1
S134_4,1,1,1,1,48,1
S134_5,0,1,1,0,48,1
S134_6,1,1,1,1,48,1
S134_7,1,1,1,1,48,1
S134_8,0,1,1,0,48,1
S134_9,0,1,1,0,48,1
S134_10,0,1,1,0,48,1
S135_1,1,1,1,1,48,0
S135_2,1,1,1,1,48,0
S135_3,1,1,1,1,48,0
S135_4,1,1,1,1,48,0
S135_5,1,1,1,1,48,0
S135_6,1,1,1,1,48,0
S135_7,1,1,1,1,48,0
S135_8,1,1,1,1,48,0
S135_9,1,1,1,1,48,0
S135_10,1,1,1,1,48,0
S136_2,0,0,0,0,42,0
S136_3,0,0,0,0,42,0
S136_4,0,0,0,0,42,0
S136_5,0,0,0,0,42,0
S136_6,0,0,0,0,42,0
S136_7,0,0,0,0,42,0
S136_8,0,0,0,0,42,0
S136_9,0,0,0,0,42,0
S136_10,0,0,0,0,42,0
S137_2,1,1,1,1,53,0
S137_3,1,1,1,1,53,0
S137_4,1,1,1,1,53,0
S137_5,1,1,1,1,53,0
S137_6,1,1,1,1,53,0
S137_7,1,1,1,1,53,0
S137_8,1,1,1,1,53,0
S137_9,1,1,1,1,53,0
S137_10,1,1,1,1,53,0
S138_2,1,1,1,1,53,0
S138_3,1,1,1,1,53,0
S138_4,1,1,1,1,53,0
S138_5,1,1,1,1,53,0
S138_6,1,1,1,1,53,0
S138_7,1,1,1,1,53,0
S138_8,1,1,1,1,53,0
S138_9,1,1,1,1,53,0
S138_10,1,1,1,1,53,0
S139_2,1,1,1,1,31,0
S139_3,1,1,1,1,31,0
S139_4,1,1,1,1,31,0
S139_5,1,1,1,1,31,0
S139_6,1,1,1,1,31,0
S139_7,1,1,1,1,31,0
S139_8,1,1,1,1,31,0
S139_9,1,1,1,1,31,0
S139_10,1,1,1,1,31,0
S140_2,1,1,1,1,28,0
S140_3,1,1,1,1,28,0
S140_4,1,1,1,1,28,0
S140_6,1,1,1,1,28,0
S140_6,1,1,1,1,28,0
S140_7,1,1,1,1,28,0
S140_8,1,1,1,1,28,0
S140_9,1,1,1,1,28,0
S141_2,1,1,0,0,35,0
S141_3,1,1,0,0,35,0
S141_4,1,1,0,0,35,0
S141_5,1,1,0,0,35,0
S141_6,1,1,0,0,35,0
S141_7,1,1,0,0,35,0
S141_8,1,1,0,0,35,0
S141_9,1,1,0,0,35,0
S141_10,1,1,0,0,35,0
S142_2,1,1,1,1,40,0
S142_3,1,1,1,1,40,0
S142_4,1,1,1,1,40,0
S142_5,1,1,1,1,40,0
S142_6,1,1,1,1,40,0
S142_7,1,1,1,1,40,0
S142_8,1,1,1,1,40,0
S142_9,1,1,1,1,40,0
S142_10,1,1,1,1,40,0
S143_2,1,1,1,1,42,0
S143_3,1,1,1,1,42,0
S143_4,1,1,1,1,42,0
S143_4,1,1,1,1,42,0
S143_5,1,1,1,1,42,0
S143_6,1,1,1,1,42,0
S143_7,1,1,1,1,42,0
S143_8,1,1,1,1,42,0
S143_9,1,1,1,1,42,0
S143_10,1,1,1,1,42,0
S144_2,1,1,1,1,51,0
S144_3,1,1,1,1,51,0
S144_4,1,1,1,1,51,0
S144_5,1,1,1,1,51,0
S144_6,1,1,1,1,51,0
S144_7,1,1,1,1,51,0
S144_8,1,1,1,1,51,0
S144_9,1,1,1,1,51,0
S144_10,1,1,1,1,51,0
S145_2,0,0,0,0,16,1
S145_3,0,0,0,0,16,1
S145_4,0,0,0,0,16,1
S145_5,0,0,0,0,16,1
S145_6,0,0,0,0,16,1
S145_7,0,0,0,0,16,1
S145_8,0,0,0,0,16,1
S145_9,0,0,0,0,16,1
S145_10,0,0,0,0,16,1
S146_2,1,1,0,0,53,0
S146_3,1,1,0,0,53,0
S146_4,1,1,0,0,53,0
S146_5,1,1,0,0,53,0
S146_6,1,1,0,0,53,0
S146_7,1,1,0,0,53,0
S146_8,1,1,0,0,53,0
S146_9,1,1,0,0,53,0
S146_10,1,1,0,0,53,0
S147_2,0,1,1,0,18,1
S147_3,0,1,1,0,18,1
S147_4,0,1,1,0,18,1
S147_5,0,1,1,0,18,1
S147_6,0,1,1,0,18,1
S147_7,0,1,1,0,18,1
S147_8,0,1,1,0,18,1
S147_9,0,1,1,0,18,1
S147_10,0,1,1,0,18,1
S148_2,0,0,0,0,9,0
S148_3,0,0,0,0,9,0
S148_4,0,0,0,0,9,0
S148_5,0,0,0,0,9,0
S148_6,0,0,0,0,9,0
S148_7,0,0,0,0,9,0
S148_8,0,0,0,0,9,0
S149_2,0,1,0,0,17,1
S149_3,0,1,0,0,17,1
S149_4,0,1,0,0,17,1
S149_5,0,1,0,0,17,1
S149_6,0,1,0,0,17,1
S149_7,0,1,0,0,17,1
S149_8,0,1,0,0,17,1
S149_9,0,1,0,0,17,1
S150_2,0,1,1,0,21,1
S150_3,0,1,1,0,21,1
S150_4,0,1,0,0,21,1
S150_5,0,1,0,0,21,1
S150_6,0,1,1,0,21,1
S150_7,0,1,1,0,21,1
S150_8,0,1,1,0,21,1
S150_9,0,1,1,0,21,1
S150_10,0,1,1,0,21,1
S151_2,1,1,1,1,35,0
S151_3,1,1,1,1,35,0
S151_4,1,1,0,0,35,0
S151_5,1,1,1,1,35,0
S151_6,1,1,1,1,35,0
S151_7,1,1,1,1,35,0
S151_8,1,1,1,1,35,0
S151_9,1,1,1,1,35,0
S151_10,1,1,1,1,35,0
S152_2,1,1,1,1,25,1
S152_3,1,1,1,1,25,1
S152_4,1,1,1,1,25,1
S152_5,1,1,1,1,25,1
S152_6,1,1,1,1,25,1
S152_7,1,1,1,1,25,1
S152_8,1,1,1,1,25,1
S153_2,0,1,0,0,38,0
S153_3,0,1,0,0,38,0
S153_4,1,1,0,0,38,0
S153_5,1,1,1,1,38,0
S153_6,1,1,1,1,38,0
S153_7,1,1,1,1,38,0
S153_8,1,1,1,1,38,0
S153_9,1,1,1,1,38,0
S153_10,1,1,1,1,38,0
S154_2,0,1,1,0,60,1
S154_3,0,1,1,0,60,1
S154_4,0,1,1,0,60,1
S154_5,1,1,1,0,60,1
S154_6,1,1,1,1,60,1
S154_7,0,1,1,1,60,1
S154_8,0,1,1,0,60,1
S154_9,0,1,1,0,60,1
S155_2,1,1,1,1,60,1
S155_3,1,1,1,1,60,1
S155_4,1,1,1,1,60,1
S155_5,1,1,1,1,60,1
S155_6,1,1,1,1,60,1
S155_7,1,1,1,1,60,1
S155_8,1,1,1,1,60,1
S156_2,1,1,0,0,54,0
S156_3,1,1,0,0,54,0
S156_4,1,1,0,0,54,0
S156_5,1,1,0,0,54,0
S156_6,1,1,0,0,54,0
S156_7,1,1,0,0,54,0
S156_8,1,1,0,0,54,0
S156_9,1,1,0,0,54,0
S156_10,1,1,0,0,54,0
S157_2,1,1,1,1,29,1
S157_3,1,1,1,1,29,1
S157_4,1,1,1,1,29,1
S157_5,1,1,1,1,29,1
S157_6,1,1,1,1,29,1
S157_7,1,1,1,1,29,1
S157_8,1,1,1,1,29,1
S157_9,1,1,1,1,29,1
S157_10,1,1,1,1,29,1
S158_2,0,1,1,0,24,1
S158_3,1,1,0,0,24,1
S158_4,1,1,0,0,24,1
S158_5,1,1,0,0,24,1
S158_6,1,1,0,0,24,1
S158_7,1,1,0,0,24,1
S158_8,1,1,0,0,24,1
S158_9,1,1,0,0,24,1
S158_10,1,1,0,0,24,1
S159_2,1,1,1,1,22,1
S159_3,1,1,1,1,22,1
S159_4,1,1,1,1,22,1
S159_5,1,1,1,1,22,1
S159_6,1,1,1,1,22,1
S159_7,0,1,1,0,22,1
S159_8,1,1,1,1,22,1
S159_9,1,1,1,1,22,1
S159_10,1,1,1,1,22,1
S160_2,1,1,1,1,21,1
S160_3,1,1,1,1,21,1
S160_4,1,1,1,1,21,1
S160_5,1,1,1,1,21,1
S160_6,1,1,1,1,21,1
S160_7,1,1,1,1,21,1
S160_8,1,1,1,1,21,1
S160_9,1,1,1,1,21,1
S160_10,0,1,1,0,21,1
